Keyword,Frequency
course,10
program,8
economic,7
material,7
behind,6
hours,5
class,4
assignments,4
goal,4
grade,4
fall,4
please,3
goals,3
students,3
policy,3
review,3
market,3
activity,3
microeconomics,2
economics,2
consumer,2
theory,2
anoshua,2
page,2
help,2
develop,2
well,2
outcomes,2
master,2
interpret,2
analyze,2
methods,2
oqice,2
questions,2
study,2
set,2
end,2
able,2
understand,2
problems,2
distinguish,2
markets,2
grading,2
learning,2
allow,2
scale,2
adults,2
responsible,2
keeping,2
promptly,2
start,2
diqiculties,2
meet,2
right,2
away,2
like,2
know,2
want,2
anyone,2
left,2
description,1
builds,1
principles,1
provides,1
rigorous,1
theoretical,1
foundation,1
majors,1
behavior,1
firm,1
core,1
fundamentals,1
covered,1
serves,1
introduction,1
based,1
elective,1
courses,1
groundwork,1
empirical,1
analysis,1
come,1
later,1
major,1
instructor,1
contact,1
chaudhuri,1
professor,1
chair,1
email,1
communications,1
check,1
regularly,1
materials,1
announcements,1
web,1
http,1
directed,1
ilearn,1
pages,1
canvas,1
piloting,1
summer,1
objectives,1
fulﬁll,1
parts,1
underlined,1
acquire,1
knowledge,1
current,1
thought,1
needed,1
examine,1
particular,1
issue,1
event,1
understanding,1
role,1
played,1
institutions,1
public,1
aqect,1
social,1
ability,1
collect,1
process,1
draw,1
conclusions,1
information,1
data,1
appropriate,1
quantitative,1
expand,1
skills,1
necessary,1
eqectively,1
communicate,1
ideas,1
orally,1
writing,1
wide,1
audience,1
teaching,1
organized,1
asynchronous,1
online,1
weekly,1
diqicult,1
concepts,1
answer,1
made,1
available,1
pace,1
strongly,1
recommend,1
aside,1
week,1
new,1
another,1
completing,1
expect,1
attend,1
least,1
one,1
ice,1
hour,1
semester,1
every,1
thursday,1
via,1
zoom,1
meetings,1
request,1
solve,1
constrained,1
optimization,1
context,1
consumers,1
ﬁrms,1
individual,1
producer,1
choice,1
demand,1
supply,1
diqerent,1
kinds,1
determine,1
ﬁrm,1
decision,1
regarding,1
price,1
proﬁt,1
output,1
within,1
discuss,1
various,1
sources,1
failure,1
prescriptions,1
correct,1
failures,1
use,1
graphs,1
multivariable,1
calculus,1
numerical,1
curve,1
adaptive,1
working,1
weaknesses,1
reinforcing,1
strengths,1
chapter,1
homework,1
unlimited,1
attempts,1
small,1
penalty,1
attempt,1
forum,1
posts,1
follow,1
expectations,1
posted,1
engage,1
learn,1
prepare,1
tests,1
look,1
complete,1
mandatory,1
ones,1
reﬂection,1
assignment,1
activities,1
designed,1
remain,1
engaged,1
timed,1
exams,1
adjusted,1
university,1
curves,1
used,1
attendance,1
dprc,1
