Section Id,Section Name,KeywordList,NumberOf Words
0,"Course
 
Description","chemistry (10), inorganic (4), course (4), field (3), many (2), bonding (2), introduce (2), renewable (2), energy (2), covers (1), almost (1), elements (1), periodic (1), table (1), deals (1), fundamental (1), topics (1), theories (1), chemical (1), application (1), systems (1), emphasis (1), transition (1), metal (1), complexes (1), explore (1), molecular (1), symmetry (1), electrochemistry (1), redox (1), organometallic (1), bioinorganic (1), interfaces (1), found (1), applications (1), modern (1), society (1), help (1), resolve (1), barriers (1), reaching (1), addressing (1), climate (1), crisis (1), researcher (1), electrocatalysis (1), infuse (1), lectures (1), research (1), career (1), opportunities (1), exciting (1), details (1), prerequisites (1), grade (1), better (1), prerequisite (1), meeting (1), time (1), monday (1), wednesday (1), location (1), building (1), room (1), number (1), state (1), campus (1), map (1), required (1), materials (1), miessler (1), tarr (1), prentice (1), hall (1), libretexts (1), uci (1), open (1), resources (1), learning (1), platform (1), canvas (1), https (1)",167
1,"Instructor
 
Contact","name (3), department (2), email (2), phone (2), number (2), office (2), instructor (1), address (1), send (1), emails (1), please (1), start (1), course (1), code (1), title (1), location (1), thornton (1), hall (1), room (1), state (1), campus (1), map (1), hours (1), appointment (1), via (1), zoom (1), research (1), areas (1), inorganic (1), materials (1), chemistry (1), electrochemistry (1), energy (1), group (1), website (1), url (1)",55
2,"Class
 
Communications","hours (3), course (3), questions (3), canvas (3), class (2), please (2), emails (2), welcome (1), contact (1), outside (1), best (1), way (1), reach (1), email (1), include (1), code (1), subject (1), line (1), ensure (1), see (1), promptly (1), strive (1), respond (1), within (1), weekdays (1), content (1), encouraged (1), post (1), discussion (1), forum (1), helps (1), classmates (1), similar (1), visit (1), office (1), via (1), zoom (1), speak (1), quick (1), primary (1), platform (1), materials (1), announcements (1), assignments (1), grades (1), check (1), least (1), week (1), weekly (1), quizzes (1), posted (1), help (1), solidify (1), important (1), concepts (1)",123
3,"Course
 
Objectives","chemistry (5), inorganic (2), principles (2), course (1), explore (1), elements (1), across (1), periodic (1), table (1), understand (1), chemical (1), bonding (1), theories (1), apply (1), systems (1), learn (1), transition (1), metal (1), complexes (1), properties (1), study (1), molecular (1), symmetry (1), group (1), theory (1), examine (1), electrochemistry (1), investigate (1), introduce (1), concepts (1), organometallic (1), bioinorganic (1), connect (1), applications (1), particularly (1), renewable (1), energy (1)",62
4,"Teaching
 
Methods","learning (7), everyone (3), course (3), materials (3), teaching (2), active (2), outcomes (2), welcome (2), philosophy (1), succeed (1), goals (1), improving (1), together (1), dedicated (1), promoting (1), excellence (1), equity (1), inclusion (1), inorganic (1), chemistry (1), education (1), adopt (1), approaches (1), classroom (1), shown (1), improve (1), student (1), based (1), observations (1), past (1), five (1), years (1), participation (1), lectures (1), communications (1), peers (1), instructor (1), provide (1), positive (1), impacts (1), students (1), success (1), divided (1), three (1), phases (1), help (1), digest (1), achieve (1), better (1), accommodate (1), different (1), styles (1), readings (1), textbook (1), libretexts (1), watching (1), videos (1), open (1), courses (1), highly (1), encourage (1), actively (1), participate (1), class (1), activities (1), ask (1), questions (1), share (1), knowledge (1), friends (1), family (1), expect (1), inclusive (1), environment (1), show (1), respect (1), community (1)",165
5,"Course
 
Outcomes","metal (4), properties (3), transition (3), complexes (3), explain (2), reactivity (2), compounds (2), theory (2), bonding (2), various (2), basic (2), describe (2), behind (2), students (1), successfully (1), complete (1), course (1), able (1), periodic (1), table (1), trends (1), elements (1), based (1), electronic (1), atoms (1), apply (1), symmetry (1), operations (1), group (1), construct (1), analyze (1), molecular (1), vibrations (1), determine (1), structure (1), knowledge (1), ligands (1), well (1), electronics (1), center (1), discuss (1), theories (1), use (1), spectroscopic (1), distinguish (1), mechanisms (1), ligand (1), substitution (1), terms (1), kinetics (1), electrochemistry (1), common (1), electrochemical (1), characterizations (1), principles (1), solid (1), state (1), chemistry (1), context (1), thermodynamics (1), packing (1), geometry (1), natural (1), abundance (1), inorganic (1)",127
6,Grading,"exam (6), final (5), grade (4), homework (4), min (4), participation (3), canvas (3), feedback (3), exams (3), based (2), instructor (2), assignments (2), hours (2), grading (2), comments (2), facilitate (1), learning (1), course (1), tasks (1), categorized (1), follows (1), class (1), weekly (1), quiz (1), question (1), lecture (1), materials (1), group (1), activities (1), literature (1), discussion (1), solely (1), recorded (1), assigned (1), total (1), includes (1), several (1), questions (1), complete (1), submit (1), pdf (1), file (1), late (1), submission (1), release (1), solutions (1), eligible (1), partial (1), credit (1), extension (1), please (1), let (1), know (1), advance (1), four (1), cumulative (1), bring (1), cheat (1), sheet (1), information (1), best (1), grades (1), counted (1), toward (1), graded (1), returned (1), welcome (1), discuss (1), office (1), schedule (1), scale (1)",167
7,"Attendance
 
Policy","class (3), day (3), attend (2), materials (2), instruction (2), last (2), expected (1), every (1), understand (1), extenuating (1), circumstances (1), arise (1), make (1), difficult (1), please (1), let (1), know (1), via (1), email (1), advance (1), strongly (1), encourage (1), active (1), participation (1), course (1), found (1), best (1), way (1), engage (1), learning (1), effective (1), learn (1), classroom (1), peers (1), instead (1), figuring (1), alone (1), important (1), dates (1), note (1), first (1), instructor (1), drop (1), deadline (1), without (1), spring (1), recess (1), classes (1)",106
8,DPRC,"student (6), violence (5), class (4), course (4), instructor (3), dprc (3), academic (3), work (3), sexual (3), reasonable (2), accommodations (2), contact (2), center (2), video (2), integrity (2), policy (2), required (2), graduate (2), encourage (2), classmates (2), including (2), materials (2), taking (2), notes (2), photos (2), audio (2), post (2), state (2), disclose (2), http (2), students (1), disabilities (1), encouraged (1), disability (1), programs (1), resource (1), available (1), facilitate (1), process (1), located (1), service (1), building (1), reached (1), telephone (1), voice (1), phone (1), email (1), ethical (1), presentation (1), one (1), accordance (1), rules (1), established (1), instances (1), misconduct (1), reported (1), college (1), housed (1), division (1), studies (1), office (1), conduct (1), although (1), discussions (1), strongly (1), directly (1), copying (1), people (1), sources (1), internet (1), similar (1), homework (1), exams (1), identified (1), considered (1), plagiarism (1), lead (1), zero (1), credit (1), assignment (1), parties (1), sharing (1), highly (1), instead (1), capture (1), sessions (1), devices (1), without (1), explicit (1), permission (1), everyone (1), present (1), unless (1), part (1), accommodation (1), sites (1), chegg (1), recordings (1), screenshots (1), chat (1), transcripts (1), setting (1), outside (1), violations (1), subject (1), disciplinary (1), action (1), disclosures (1), fosters (1), campus (1), free (1), harassment (1), domestic (1), dating (1), stalking (1), form (1), sex (1), gender (1), discrimination (1), personal (1), experience (1), notify (1), title (1), coordinator (1), confidentially (1), safe (1), place (1), counseling (1), psychological (1), services (1)",305
